Dia_diem,Nam,Thang,Ngay,T,U,R,Sh
Vinh,2023,1,1,16.8,69.0,0.0,0.0
Vinh,2023,1,2,16.7,87.0,2.4,0.0
Vinh,2023,1,3,16.2,90.0,2.2,0.0
Vinh,2023,1,4,17.2,84.0,0.0,0.0
Vinh,2023,1,5,17.4,92.0,0.9,0.0
Vinh,2023,1,6,18.9,81.0,0.1,0.0
Vinh,2023,1,7,18.6,66.0,0.0,5.7
Vinh,2023,1,8,19.1,72.0,0.0,0.2
Vinh,2023,1,9,19.2,85.0,1.5,0.0
Vinh,2023,1,10,18.5,91.0,3.0,0.0
Vinh,2023,1,11,19.2,90.0,9.6,0.0
Vinh,2023,1,12,19.9,90.0,9.6,0.0
Vinh,2023,1,13,23.0,81.0,0.0,7.1
Vinh,2023,1,14,25.2,65.0,0.0,9.1
Vinh,2023,1,15,20.6,90.0,0.1,2.1
Vinh,2023,1,16,15.0,92.0,11.0,0.0
Vinh,2023,1,17,13.2,93.0,5.4,0.0
Vinh,2023,1,18,13.6,77.0,0.1,0.0
Vinh,2023,1,19,14.4,85.0,0.3,0.0
Vinh,2023,1,20,16.1,80.0,0.1,0.0
Vinh,2023,1,21,17.5,78.0,0.0,4.5
Vinh,2023,1,22,18.7,86.0,0.0,6.4
Vinh,2023,1,23,20.5,87.0,0.0,2.0
Vinh,2023,1,24,17.4,71.0,0.0,0.0
Vinh,2023,1,25,14.5,74.0,0.0,0.8
Vinh,2023,1,26,16.2,83.0,0.0,9.2
Vinh,2023,1,27,16.2,85.0,5.6,0.0
Vinh,2023,1,28,14.5,63.0,0.0,0.2
Vinh,2023,1,29,13.5,70.0,0.0,9.2
Vinh,2023,1,30,14.6,65.0,0.0,9.3
Vinh,2023,1,31,15.6,73.0,0.0,9.3
Vinh,2023,2,1,17.6,84.0,0.0,9.3
Vinh,2023,2,2,20.7,88.0,2.1,0.0
Vinh,2023,2,3,20.3,93.0,5.0,0.0
Vinh,2023,2,4,20.0,92.0,1.2,0.0
Vinh,2023,2,5,21.1,92.0,0.3,0.0
Vinh,2023,2,6,22.0,90.0,0.3,0.0
Vinh,2023,2,7,22.5,90.0,0.7,0.0
Vinh,2023,2,8,22.9,91.0,0.0,0.4
Vinh,2023,2,9,23.2,92.0,0.0,0.0
Vinh,2023,2,10,22.9,92.0,10.3,0.2
Vinh,2023,2,11,22.9,90.0,0.1,2.8
Vinh,2023,2,12,23.6,90.0,0.0,4.6
Vinh,2023,2,13,23.4,91.0,0.1,5.3
Vinh,2023,2,14,19.2,92.0,5.2,0.0
Vinh,2023,2,15,16.1,88.0,4.3,0.0
Vinh,2023,2,16,15.9,87.0,0.0,0.0
Vinh,2023,2,17,17.8,82.0,0.0,0.0
Vinh,2023,2,18,19.2,86.0,0.0,1.2
Vinh,2023,2,19,20.3,87.0,0.8,0.0
Vinh,2023,2,20,19.9,78.0,0.0,4.9
Vinh,2023,2,21,19.8,81.0,0.0,0.6
Vinh,2023,2,22,19.4,94.0,0.9,0.0
Vinh,2023,2,23,20.2,87.0,0.0,2.7
Vinh,2023,2,24,19.5,93.0,0.5,0.0
Vinh,2023,2,25,18.2,71.0,0.3,0.0
Vinh,2023,2,26,17.5,74.0,0.0,5.9
Vinh,2023,2,27,16.9,77.0,0.0,2.5
Vinh,2023,2,28,18.8,82.0,0.0,0.2
Vinh,2023,3,1,19.3,86.0,0.0,5.1
Vinh,2023,3,2,21.3,80.0,0.0,5.9
Vinh,2023,3,3,19.1,89.0,0.0,2.3
Vinh,2023,3,4,20.2,87.0,0.0,2.6
Vinh,2023,3,5,19.4,80.0,0.0,0.1
Vinh,2023,3,6,20.7,84.0,0.0,8.1
Vinh,2023,3,7,20.6,88.0,0.0,3.7
Vinh,2023,3,8,21.3,85.0,0.0,5.2
Vinh,2023,3,9,22.2,84.0,0.2,5.7
Vinh,2023,3,10,22.0,83.0,0.0,8.4
Vinh,2023,3,11,21.9,86.0,0.0,3.5
Vinh,2023,3,12,22.2,87.0,0.0,0.1
Vinh,2023,3,13,19.7,79.0,0.3,0.0
Vinh,2023,3,14,19.8,77.0,0.0,9.2
Vinh,2023,3,15,21.3,84.0,0.0,1.8
Vinh,2023,3,16,23.2,89.0,0.0,0.4
Vinh,2023,3,17,22.9,89.0,0.0,2.5
Vinh,2023,3,18,23.8,85.0,0.0,6.0
Vinh,2023,3,19,24.0,82.0,0.0,5.8
Vinh,2023,3,20,24.8,88.0,0.0,4.2
Vinh,2023,3,21,25.7,89.0,0.0,8.7
Vinh,2023,3,22,29.3,74.0,0.0,9.3
Vinh,2023,3,23,29.4,72.0,0.0,10.0
Vinh,2023,3,24,30.3,69.0,0.0,10.1
Vinh,2023,3,25,26.5,88.0,0.0,4.2
Vinh,2023,3,26,23.1,94.0,6.1,0.0
Vinh,2023,3,27,20.3,94.0,11.8,0.0
Vinh,2023,3,28,19.5,92.0,5.9,0.0
Vinh,2023,3,29,20.2,92.0,3.6,0.0
Vinh,2023,3,30,21.3,91.0,0.4,0.0
Vinh,2023,3,31,21.5,94.0,2.9,0.0
Vinh,2023,4,1,22.6,92.0,0.8,0.0
Vinh,2023,4,2,24.9,90.0,0.1,5.1
Vinh,2023,4,3,26.2,86.0,2.7,10.0
Vinh,2023,4,4,28.8,78.0,0.0,10.5
Vinh,2023,4,5,28.3,80.0,0.0,10.3
Vinh,2023,4,6,25.6,91.0,0.4,7.1
Vinh,2023,4,7,23.1,87.0,0.2,0.0
Vinh,2023,4,8,20.8,95.0,2.8,0.0
Vinh,2023,4,9,20.4,90.0,0.5,0.0
Vinh,2023,4,10,21.5,92.0,0.0,0.0
Vinh,2023,4,11,23.7,92.0,0.0,0.0
Vinh,2023,4,12,24.9,93.0,0.9,0.0
Vinh,2023,4,13,25.4,96.0,0.2,0.3
Vinh,2023,4,14,26.6,92.0,0.0,0.0
Vinh,2023,4,15,25.3,96.0,1.7,0.0
Vinh,2023,4,16,25.2,90.0,0.0,1.4
Vinh,2023,4,17,26.2,91.0,0.0,7.1
Vinh,2023,4,18,29.0,84.0,0.0,8.1
Vinh,2023,4,19,31.8,72.0,0.0,10.2
Vinh,2023,4,20,27.7,87.0,0.0,7.8
Vinh,2023,4,21,27.7,87.0,0.0,8.7
Vinh,2023,4,22,28.7,86.0,0.0,7.1
Vinh,2023,4,23,28.9,83.0,0.0,9.6
Vinh,2023,4,24,28.5,85.0,0.0,8.5
Vinh,2023,4,25,25.6,93.0,4.8,0.5
Vinh,2023,4,26,22.3,86.0,2.3,0.6
Vinh,2023,4,27,24.5,84.0,0.0,9.4
Vinh,2023,4,28,26.8,88.0,0.0,2.4
Vinh,2023,4,29,26.5,91.0,18.7,3.4
Vinh,2023,4,30,23.9,86.0,1.1,0.8
Vinh,2023,5,1,24.7,83.0,0.0,10.9
Vinh,2023,5,2,26.2,85.0,0.0,8.1
Vinh,2023,5,3,27.5,85.0,0.0,9.1
Vinh,2023,5,4,29.2,86.0,0.0,8.7
Vinh,2023,5,5,32.4,75.0,0.0,11.1
Vinh,2023,5,6,33.7,68.0,0.0,11.0
Vinh,2023,5,7,32.1,80.0,46.6,9.0
Vinh,2023,5,8,26.8,83.0,12.5,4.6
Vinh,2023,5,9,26.7,91.0,0.3,0.0
Vinh,2023,5,10,28.1,88.0,0.0,3.0
Vinh,2023,5,11,27.2,87.0,9.7,4.4
Vinh,2023,5,12,24.1,96.0,83.4,0.0
Vinh,2023,5,13,24.0,87.0,0.8,0.0
Vinh,2023,5,14,24.6,82.0,0.0,2.3
Vinh,2023,5,15,26.3,86.0,0.0,6.3
Vinh,2023,5,16,30.8,73.0,0.0,11.0
Vinh,2023,5,17,33.2,58.0,0.0,11.5
Vinh,2023,5,18,34.2,56.0,0.0,11.3
Vinh,2023,5,19,33.9,63.0,0.0,11.1
Vinh,2023,5,20,32.5,75.0,0.0,11.1
Vinh,2023,5,21,32.5,77.0,0.0,11.2
Vinh,2023,5,22,33.5,70.0,0.0,11.4
Vinh,2023,5,23,34.2,64.0,0.0,10.4
Vinh,2023,5,24,30.4,76.0,0.0,7.7
Vinh,2023,5,25,29.7,86.0,0.0,6.1
Vinh,2023,5,26,29.6,85.0,0.0,5.9
Vinh,2023,5,27,28.7,86.0,0.0,9.5
Vinh,2023,5,28,28.7,85.0,0.0,10.5
Vinh,2023,5,29,29.5,80.0,0.0,8.7
Vinh,2023,5,30,29.8,81.0,0.0,11.5
Vinh,2023,5,31,30.7,80.0,0.0,11.5
Vinh,2023,6,1,32.7,74.0,0.0,11.6
Vinh,2023,6,2,33.5,69.0,0.0,11.7
Vinh,2023,6,3,32.5,77.0,15.7,9.0
Vinh,2023,6,4,29.1,82.0,9.3,9.7
Vinh,2023,6,5,29.4,82.0,0.3,9.7
Vinh,2023,6,6,29.3,83.0,6.2,8.0
Vinh,2023,6,7,28.7,86.0,0.0,0.5
Vinh,2023,6,8,30.8,77.0,0.0,8.1
Vinh,2023,6,9,29.3,76.0,0.0,1.9
Vinh,2023,6,10,30.4,78.0,0.1,6.6
Vinh,2023,6,11,31.5,76.0,0.0,8.5
Vinh,2023,6,12,32.1,70.0,0.0,10.5
Vinh,2023,6,13,32.3,63.0,0.0,8.0
Vinh,2023,6,14,32.8,66.0,0.0,5.4
Vinh,2023,6,15,32.9,67.0,0.0,8.8
Vinh,2023,6,16,33.4,64.0,0.0,10.8
Vinh,2023,6,17,32.7,69.0,0.0,10.7
Vinh,2023,6,18,32.1,69.0,0.0,7.5
Vinh,2023,6,19,31.8,70.0,0.0,10.9
Vinh,2023,6,20,33.2,64.0,0.0,11.3
Vinh,2023,6,21,33.3,62.0,0.0,11.7
Vinh,2023,6,22,34.3,59.0,0.0,11.5
Vinh,2023,6,23,33.6,67.0,0.0,6.8
Vinh,2023,6,24,29.4,85.0,0.0,0.0
Vinh,2023,6,25,28.7,89.0,35.5,1.3
Vinh,2023,6,26,27.6,88.0,1.4,0.4
Vinh,2023,6,27,29.0,85.0,0.0,2.7
Vinh,2023,6,28,29.4,85.0,5.1,9.7
Vinh,2023,6,29,30.7,80.0,0.0,11.7
Vinh,2023,6,30,32.8,69.0,0.0,11.6
Vinh,2023,7,1,33.6,65.0,0.0,11.7
Vinh,2023,7,2,33.6,62.0,0.0,11.1
Vinh,2023,7,3,32.8,62.0,0.0,10.1
Vinh,2023,7,4,32.2,64.0,0.0,8.8
Vinh,2023,7,5,31.4,67.0,0.0,10.9
Vinh,2023,7,6,32.7,62.0,0.0,11.6
Vinh,2023,7,7,32.5,72.0,0.0,11.7
Vinh,2023,7,8,32.0,76.0,0.0,11.5
Vinh,2023,7,9,31.1,78.0,5.4,8.8
Vinh,2023,7,10,30.0,80.0,6.9,9.4
Vinh,2023,7,11,31.7,74.0,0.0,11.3
Vinh,2023,7,12,32.9,67.0,0.0,11.6
Vinh,2023,7,13,33.3,61.0,0.0,10.5
Vinh,2023,7,14,33.2,66.0,0.0,8.5
Vinh,2023,7,15,31.6,79.0,0.0,9.5
Vinh,2023,7,16,29.3,78.0,6.7,3.7
Vinh,2023,7,17,30.1,79.0,5.1,0.0
Vinh,2023,7,18,30.9,74.0,11.9,7.6
Vinh,2023,7,19,27.9,88.0,0.0,3.9
Vinh,2023,7,20,28.5,89.0,11.9,5.9
Vinh,2023,7,21,28.0,93.0,42.8,3.9
Vinh,2023,7,22,29.2,84.0,0.2,11.0
Vinh,2023,7,23,29.9,80.0,0.0,11.3
Vinh,2023,7,24,30.1,78.0,0.0,9.3
Vinh,2023,7,25,30.2,77.0,0.0,11.6
Vinh,2023,7,26,30.7,77.0,0.0,11.6
Vinh,2023,7,27,32.7,72.0,0.0,10.9
Vinh,2023,7,28,31.2,76.0,44.9,9.3
Vinh,2023,7,29,30.0,84.0,0.0,4.4
Vinh,2023,7,30,30.4,78.0,0.0,8.5
Vinh,2023,7,31,31.3,69.0,0.0,7.1
Vinh,2023,8,1,29.9,76.0,10.4,0.0
Vinh,2023,8,2,27.0,92.0,8.9,0.0
Vinh,2023,8,3,27.0,92.0,34.8,0.0
Vinh,2023,8,4,27.3,86.0,2.7,0.0
Vinh,2023,8,5,29.5,66.0,0.0,0.6
Vinh,2023,8,6,29.9,65.0,0.2,0.2
Vinh,2023,8,7,29.8,64.0,1.3,0.0
Vinh,2023,8,8,31.2,60.0,0.0,2.2
Vinh,2023,8,9,31.4,58.0,0.0,5.6
Vinh,2023,8,10,32.9,57.0,0.0,11.5
Vinh,2023,8,11,31.1,69.0,1.3,0.9
Vinh,2023,8,12,30.2,78.0,0.0,2.5
Vinh,2023,8,13,30.4,80.0,16.9,4.9
Vinh,2023,8,14,29.9,78.0,6.7,3.2
Vinh,2023,8,15,30.2,83.0,0.0,8.9
Vinh,2023,8,16,31.2,79.0,0.0,10.9
Vinh,2023,8,17,31.5,74.0,0.0,11.1
Vinh,2023,8,18,32.0,69.0,0.0,11.1
Vinh,2023,8,19,30.7,78.0,0.0,10.2
Vinh,2023,8,20,29.0,85.0,0.0,0.0
Vinh,2023,8,21,29.4,83.0,0.0,9.2
Vinh,2023,8,22,30.1,79.0,0.0,7.9
Vinh,2023,8,23,32.0,70.0,0.0,9.5
Vinh,2023,8,24,30.6,80.0,0.0,4.6
Vinh,2023,8,25,30.3,81.0,0.0,10.8
Vinh,2023,8,26,32.3,65.0,0.0,9.9
Vinh,2023,8,27,32.4,62.0,0.0,9.6
Vinh,2023,8,28,31.1,73.0,0.5,1.7
Vinh,2023,8,29,28.3,79.0,3.7,0.0
Vinh,2023,8,30,28.8,78.0,0.0,2.3
Vinh,2023,8,31,29.6,70.0,0.0,9.2
Vinh,2023,9,1,29.4,71.0,0.0,10.6
Vinh,2023,9,2,31.0,70.0,0.0,8.5
Vinh,2023,9,3,30.2,74.0,0.0,7.8
Vinh,2023,9,4,27.2,80.0,0.3,0.6
Vinh,2023,9,5,27.7,83.0,0.0,1.0
Vinh,2023,9,6,28.6,85.0,0.0,2.8
Vinh,2023,9,7,28.8,81.0,0.0,2.6
Vinh,2023,9,8,29.4,81.0,0.0,8.3
Vinh,2023,9,9,29.4,86.0,0.0,8.3
Vinh,2023,9,10,28.9,84.0,0.0,1.1
Vinh,2023,9,11,28.9,80.0,0.0,0.2
Vinh,2023,9,12,30.7,65.0,0.0,1.3
Vinh,2023,9,13,27.3,86.0,12.8,0.0
Vinh,2023,9,14,27.1,86.0,0.0,0.8
Vinh,2023,9,15,25.6,90.0,0.4,0.0
Vinh,2023,9,16,25.6,94.0,79.5,0.0
Vinh,2023,9,17,27.0,88.0,2.1,3.0
Vinh,2023,9,18,27.4,89.0,11.7,3.1
Vinh,2023,9,19,28.7,85.0,0.0,9.0
Vinh,2023,9,20,29.4,82.0,0.0,9.3
Vinh,2023,9,21,29.7,81.0,0.0,10.4
Vinh,2023,9,22,29.7,81.0,0.0,9.8
Vinh,2023,9,23,29.7,80.0,0.0,9.6
Vinh,2023,9,24,29.2,80.0,4.2,8.1
Vinh,2023,9,25,26.3,94.0,91.2,0.0
Vinh,2023,9,26,27.9,86.0,122.0,0.8
Vinh,2023,9,27,26.2,93.0,28.7,0.0
Vinh,2023,9,28,26.1,93.0,40.1,0.0
Vinh,2023,9,29,26.3,92.0,18.2,0.0
Vinh,2023,9,30,27.5,88.0,0.0,5.2
Vinh,2023,10,1,28.4,84.0,0.0,7.6
Vinh,2023,10,2,28.7,82.0,0.0,8.6
Vinh,2023,10,3,28.7,83.0,0.0,8.1
Vinh,2023,10,4,28.9,83.0,0.0,8.6
Vinh,2023,10,5,29.7,80.0,0.0,9.8
Vinh,2023,10,6,30.0,82.0,0.0,9.2
Vinh,2023,10,7,27.8,86.0,0.4,7.5
Vinh,2023,10,8,25.3,86.0,4.8,0.0
Vinh,2023,10,9,25.9,79.0,2.7,5.8
Vinh,2023,10,10,24.8,86.0,9.1,0.0
Vinh,2023,10,11,24.7,81.0,3.3,0.2
Vinh,2023,10,12,24.4,88.0,30.0,0.0
Vinh,2023,10,13,24.6,90.0,20.4,0.0
Vinh,2023,10,14,24.2,96.0,137.4,0.0
Vinh,2023,10,15,24.5,82.0,1.9,0.0
Vinh,2023,10,16,24.9,83.0,0.0,2.4
Vinh,2023,10,17,26.5,79.0,0.0,4.0
Vinh,2023,10,18,27.1,77.0,0.3,1.1
Vinh,2023,10,19,27.8,80.0,0.0,9.3
Vinh,2023,10,20,27.7,81.0,0.0,6.8
Vinh,2023,10,21,26.2,64.0,0.1,0.0
Vinh,2023,10,22,24.0,80.0,0.4,0.0
Vinh,2023,10,23,23.4,92.0,3.0,0.0
Vinh,2023,10,24,25.3,88.0,3.9,0.0
Vinh,2023,10,25,24.2,95.0,182.1,0.0
Vinh,2023,10,26,24.6,94.0,32.2,0.0
Vinh,2023,10,27,26.6,83.0,0.0,8.0
Vinh,2023,10,28,26.5,88.0,4.1,1.6
Vinh,2023,10,29,25.4,95.0,209.5,0.0
Vinh,2023,10,30,24.2,94.0,36.4,0.0
Vinh,2023,10,31,24.4,86.0,8.7,0.0
Vinh,2023,11,1,24.9,88.0,0.0,1.3
Vinh,2023,11,2,25.0,84.0,0.0,8.0
Vinh,2023,11,3,25.7,84.0,0.0,9.0
Vinh,2023,11,4,26.7,86.0,0.0,6.3
Vinh,2023,11,5,27.5,84.0,0.0,8.8
Vinh,2023,11,6,27.4,86.0,0.0,7.3
Vinh,2023,11,7,25.5,92.0,35.6,0.0
Vinh,2023,11,8,26.1,87.0,0.1,4.8
Vinh,2023,11,9,26.6,88.0,0.0,6.2
Vinh,2023,11,10,26.8,86.0,0.0,4.9
Vinh,2023,11,11,27.4,85.0,0.0,7.8
Vinh,2023,11,12,26.9,87.0,3.4,4.8
Vinh,2023,11,13,23.4,92.0,208.2,0.0
Vinh,2023,11,14,19.1,88.0,0.2,0.0
Vinh,2023,11,15,20.9,88.0,0.4,0.0
Vinh,2023,11,16,19.9,87.0,5.7,0.0
Vinh,2023,11,17,20.4,62.0,0.0,8.5
Vinh,2023,11,18,19.5,74.0,0.0,9.3
Vinh,2023,11,19,19.9,75.0,0.0,9.0
Vinh,2023,11,20,20.7,75.0,0.0,9.2
Vinh,2023,11,21,21.5,80.0,0.0,8.3
Vinh,2023,11,22,22.5,82.0,0.0,5.2
Vinh,2023,11,23,23.1,88.0,0.5,0.0
Vinh,2023,11,24,22.9,93.0,1.5,0.4
Vinh,2023,11,25,23.4,87.0,1.0,4.9
Vinh,2023,11,26,22.3,95.0,49.4,0.0
Vinh,2023,11,27,21.2,94.0,3.9,0.0
Vinh,2023,11,28,21.4,94.0,12.8,1.1
Vinh,2023,11,29,22.7,88.0,0.5,4.0
Vinh,2023,11,30,22.5,95.0,36.1,0.0
Vinh,2023,12,1,21.9,95.0,68.9,0.0
Vinh,2023,12,2,19.6,96.0,17.7,0.0
Vinh,2023,12,3,19.7,95.0,2.7,0.0
Vinh,2023,12,4,21.0,93.0,1.8,0.0
Vinh,2023,12,5,21.8,93.0,3.8,0.0
Vinh,2023,12,6,21.1,95.0,3.6,0.0
Vinh,2023,12,7,21.2,77.0,0.0,9.0
Vinh,2023,12,8,21.4,79.0,0.0,9.1
Vinh,2023,12,9,23.0,87.0,0.0,7.8
Vinh,2023,12,10,24.2,89.0,0.0,0.0
Vinh,2023,12,11,25.0,90.0,0.0,0.0
Vinh,2023,12,12,25.6,88.0,0.0,7.3
Vinh,2023,12,13,24.6,90.0,0.0,4.4
Vinh,2023,12,14,24.4,90.0,0.0,4.0
Vinh,2023,12,15,25.6,87.0,0.0,8.0
Vinh,2023,12,16,24.8,89.0,14.9,4.9
Vinh,2023,12,17,16.6,93.0,15.6,0.0
Vinh,2023,12,18,18.8,82.0,0.1,1.5
Vinh,2023,12,19,18.6,95.0,7.5,0.0
Vinh,2023,12,20,15.2,92.0,3.5,0.0
Vinh,2023,12,21,15.5,69.0,0.0,0.0
Vinh,2023,12,22,14.5,58.0,0.7,7.5
Vinh,2023,12,23,14.0,57.0,0.0,0.0
Vinh,2023,12,24,15.7,60.0,0.0,0.0
Vinh,2023,12,25,15.8,67.0,0.0,0.0
Vinh,2023,12,26,16.3,74.0,0.0,0.0
Vinh,2023,12,27,19.0,79.0,0.0,3.6
Vinh,2023,12,28,20.4,83.0,0.0,0.0
Vinh,2023,12,29,20.8,86.0,0.6,0.0
Vinh,2023,12,30,20.4,95.0,6.1,0.0
Vinh,2023,12,31,21.0,91.0,0.1,0.0
Vinh,2024,1,1,22.0,89.0,0.0,4.6
Vinh,2024,1,2,22.0,90.0,0.0,4.6
Vinh,2024,1,3,20.3,95.0,0.0,0.0
Vinh,2024,1,4,18.4,89.0,0.0,0.0
Vinh,2024,1,5,20.7,88.0,0.0,2.8
Vinh,2024,1,6,20.9,91.0,0.0,0.3
Vinh,2024,1,7,21.7,91.0,0.0,2.8
Vinh,2024,1,8,22.1,90.0,0.0,3.1
Vinh,2024,1,9,22.5,89.0,0.0,8.3
Vinh,2024,1,10,23.0,90.0,0.0,3.1
Vinh,2024,1,11,22.9,91.0,0.0,0.3
Vinh,2024,1,12,22.7,91.0,0.0,0.2
Vinh,2024,1,13,21.4,96.0,0.0,0.0
Vinh,2024,1,14,21.6,91.0,0.0,3.0
Vinh,2024,1,15,21.9,92.0,0.0,0.0
Vinh,2024,1,16,22.0,90.0,0.0,5.1
Vinh,2024,1,17,22.5,90.0,0.0,4.1
Vinh,2024,1,18,22.4,88.0,0.0,6.6
Vinh,2024,1,19,22.5,87.0,0.0,7.3
Vinh,2024,1,20,22.7,85.0,0.0,7.6
Vinh,2024,1,21,22.9,86.0,0.0,6.6
Vinh,2024,1,22,19.3,93.0,0.0,0.0
Vinh,2024,1,23,11.6,85.0,0.0,0.0
Vinh,2024,1,24,11.2,82.0,0.0,0.0
Vinh,2024,1,25,11.8,83.0,0.0,0.0
Vinh,2024,1,26,12.8,90.0,0.0,0.0
Vinh,2024,1,27,13.4,90.0,0.0,0.0
Vinh,2024,1,28,13.0,94.0,0.0,0.0
Vinh,2024,1,29,14.2,89.0,0.0,0.0
Vinh,2024,1,30,16.9,92.0,0.0,0.0
Vinh,2024,1,31,18.9,92.0,0.0,0.0
Vinh,2024,2,1,20.9,92.0,0.0,0.0
Vinh,2024,2,2,21.7,93.0,0.0,0.0
Vinh,2024,2,3,22.1,94.0,0.0,0.0
Vinh,2024,2,4,23.3,90.0,0.0,3.8
Vinh,2024,2,5,23.4,92.0,0.0,0.0
Vinh,2024,2,6,23.6,93.0,0.0,1.0
Vinh,2024,2,7,22.3,94.0,0.0,0.0
Vinh,2024,2,8,17.2,96.0,0.0,0.0
Vinh,2024,2,9,14.4,96.0,0.0,0.0
Vinh,2024,2,10,15.8,72.0,0.0,0.6
Vinh,2024,2,11,17.7,76.0,0.0,0.0
Vinh,2024,2,12,17.7,77.0,0.0,7.3
Vinh,2024,2,13,19.9,79.0,0.0,7.1
Vinh,2024,2,14,21.2,90.0,0.0,6.4
Vinh,2024,2,15,22.0,87.0,0.0,2.6
Vinh,2024,2,16,22.0,89.0,0.0,2.1
Vinh,2024,2,17,21.7,89.0,0.0,5.5
Vinh,2024,2,18,23.0,90.0,0.0,4.7
Vinh,2024,2,19,24.0,91.0,0.0,5.1
Vinh,2024,2,20,24.7,89.0,0.0,7.0
Vinh,2024,2,21,24.4,90.0,0.0,9.2
Vinh,2024,2,22,24.2,92.0,0.0,3.8
Vinh,2024,2,23,22.5,96.0,0.0,0.0
Vinh,2024,2,24,19.0,96.0,0.0,0.0
Vinh,2024,2,25,17.4,94.0,0.0,0.0
Vinh,2024,2,26,18.1,94.0,0.0,0.0
Vinh,2024,2,27,17.0,96.0,0.0,0.0
Vinh,2024,2,28,17.1,96.0,0.0,0.0
Vinh,2024,2,29,18.1,97.0,0.0,0.0
Vinh,2024,3,1,15.4,97.0,0.0,0.0
Vinh,2024,3,2,13.9,96.0,0.0,0.0
Vinh,2024,3,3,16.3,90.0,0.0,0.0
Vinh,2024,3,4,22.7,84.0,0.0,7.7
Vinh,2024,3,5,28.2,70.0,0.0,10.3
Vinh,2024,3,6,23.2,82.0,0.0,5.7
Vinh,2024,3,7,20.3,87.0,0.0,0.0
Vinh,2024,3,8,18.4,94.0,0.0,0.0
Vinh,2024,3,9,18.4,93.0,0.0,0.0
Vinh,2024,3,10,18.4,94.0,0.0,0.0
Vinh,2024,3,11,18.8,90.0,0.0,0.0
Vinh,2024,3,12,20.4,83.0,0.0,7.8
Vinh,2024,3,13,21.1,90.0,0.0,0.0
Vinh,2024,3,14,21.6,93.0,0.0,0.4
Vinh,2024,3,15,22.4,90.0,0.0,0.0
Vinh,2024,3,16,23.4,92.0,0.0,0.0
Vinh,2024,3,17,23.6,93.0,0.0,0.0
Vinh,2024,3,18,24.5,91.0,0.0,0.0
Vinh,2024,3,19,21.1,96.0,0.0,0.0
Vinh,2024,3,20,18.3,90.0,0.0,0.0
Vinh,2024,3,21,20.2,80.0,0.0,4.7
Vinh,2024,3,22,22.1,87.0,0.0,6.2
Vinh,2024,3,23,24.7,88.0,0.0,9.0
Vinh,2024,3,24,25.3,89.0,0.0,4.2
Vinh,2024,3,25,24.8,93.0,0.0,0.2
Vinh,2024,3,26,24.4,94.0,0.0,0.0
Vinh,2024,3,27,24.9,92.0,0.0,1.9
Vinh,2024,3,28,25.7,91.0,0.0,1.8
Vinh,2024,3,29,25.0,87.0,0.0,4.4
Vinh,2024,3,30,25.5,91.0,0.0,3.0
Vinh,2024,3,31,30.5,73.0,0.0,10.7
Vinh,2024,4,1,32.0,64.0,0.0,10.5
Vinh,2024,4,2,30.7,69.0,0.0,10.5
Vinh,2024,4,3,31.5,67.0,0.0,10.4
Vinh,2024,4,4,29.4,75.0,0.0,9.2
Vinh,2024,4,5,26.6,90.0,0.0,3.4
Vinh,2024,4,6,26.6,88.0,0.0,1.8
Vinh,2024,4,7,26.8,90.0,0.0,2.2
Vinh,2024,4,8,24.9,95.0,0.0,0.0
Vinh,2024,4,9,22.9,94.0,0.0,0.0
Vinh,2024,4,10,24.2,90.0,0.0,4.3
Vinh,2024,4,11,25.8,89.0,0.0,4.3
Vinh,2024,4,12,26.8,88.0,0.0,5.2
Vinh,2024,4,13,27.7,88.0,0.0,9.4
Vinh,2024,4,14,27.8,90.0,0.0,5.1
Vinh,2024,4,15,27.2,90.0,0.0,0.3
Vinh,2024,4,16,27.4,90.0,0.0,1.3
Vinh,2024,4,17,27.6,89.0,0.0,4.8
Vinh,2024,4,18,28.1,86.0,0.0,8.5
Vinh,2024,4,19,30.6,76.0,0.0,6.1
Vinh,2024,4,20,32.6,63.0,0.0,11.0
Vinh,2024,4,21,32.3,74.0,0.0,10.5
Vinh,2024,4,22,28.6,86.0,0.0,7.9
Vinh,2024,4,23,29.2,85.0,0.0,6.4
Vinh,2024,4,24,28.5,88.0,0.0,1.7
Vinh,2024,4,25,29.5,89.0,0.0,6.1
Vinh,2024,4,26,31.8,76.0,0.0,9.0
Vinh,2024,4,27,34.0,64.0,0.0,10.6
Vinh,2024,4,28,33.5,64.0,0.0,10.4
Vinh,2024,4,29,33.5,74.0,0.0,9.8
Vinh,2024,4,30,35.1,58.0,0.0,10.0
Vinh,2024,5,1,29.6,84.0,0.0,0.7
Vinh,2024,5,2,28.1,90.0,0.0,0.3
Vinh,2024,5,3,27.7,88.0,0.0,0.1
Vinh,2024,5,4,29.3,80.0,0.0,8.5
Vinh,2024,5,5,28.8,86.0,0.0,1.9
Vinh,2024,5,6,27.2,92.0,0.0,0.7
Vinh,2024,5,7,27.7,86.0,0.0,4.8
Vinh,2024,5,8,28.3,83.0,0.0,9.1
Vinh,2024,5,9,28.5,82.0,0.0,8.0
Vinh,2024,5,10,28.1,87.0,0.0,2.9
Vinh,2024,5,11,28.1,87.0,0.0,3.2
Vinh,2024,5,12,28.4,85.0,0.0,7.3
Vinh,2024,5,13,27.8,84.0,0.0,4.6
Vinh,2024,5,14,28.3,83.0,0.0,5.5
Vinh,2024,5,15,28.7,83.0,0.0,3.8
Vinh,2024,5,16,28.5,85.0,0.0,4.8
Vinh,2024,5,17,28.3,83.0,0.0,3.0
Vinh,2024,5,18,29.6,85.0,0.0,8.7
Vinh,2024,5,19,32.4,74.0,0.0,7.9
Vinh,2024,5,20,29.1,81.0,0.0,0.0
Vinh,2024,5,21,27.1,92.0,0.0,0.5
Vinh,2024,5,22,26.9,92.0,0.0,0.0
Vinh,2024,5,23,27.8,88.0,0.0,4.4
Vinh,2024,5,24,28.0,86.0,0.0,1.7
Vinh,2024,5,25,29.4,88.0,0.0,4.0
Vinh,2024,5,26,30.6,82.0,0.0,7.9
Vinh,2024,5,27,34.0,58.0,0.0,4.1
Vinh,2024,5,28,33.9,58.0,0.0,0.4
Vinh,2024,5,29,35.8,57.0,0.0,8.9
Vinh,2024,5,30,34.3,65.0,0.0,11.2
Vinh,2024,5,31,25.5,92.0,0.0,0.0
Vinh,2024,6,1,28.0,83.0,0.0,5.6
Vinh,2024,6,2,31.2,74.0,0.0,8.9
Vinh,2024,6,3,32.9,60.0,0.0,7.3
Vinh,2024,6,4,33.7,57.0,0.0,8.9
Vinh,2024,6,5,31.8,74.0,0.0,4.5
Vinh,2024,6,6,28.1,89.0,0.0,0.0
Vinh,2024,6,7,30.3,83.0,0.0,6.4
Vinh,2024,6,8,31.7,73.0,0.0,5.7
Vinh,2024,6,9,30.8,74.0,0.0,2.6
Vinh,2024,6,10,31.3,78.0,0.0,4.4
Vinh,2024,6,11,31.8,70.0,0.0,10.2
Vinh,2024,6,12,32.7,65.0,0.0,11.2
Vinh,2024,6,13,34.1,56.0,0.0,10.2
Vinh,2024,6,14,34.3,55.0,0.0,10.3
Vinh,2024,6,15,34.6,56.0,0.0,9.6
Vinh,2024,6,16,34.4,63.0,0.0,11.4
Vinh,2024,6,17,34.9,60.0,0.0,11.4
Vinh,2024,6,18,33.6,62.0,0.0,2.0
Vinh,2024,6,19,34.1,58.0,0.0,11.1
Vinh,2024,6,20,34.3,60.0,0.0,11.4
Vinh,2024,6,21,33.3,69.0,0.0,11.7
Vinh,2024,6,22,31.0,82.0,0.0,9.9
Vinh,2024,6,23,28.7,88.0,0.0,0.2
Vinh,2024,6,24,29.3,81.0,0.0,2.1
Vinh,2024,6,25,29.2,84.0,0.0,3.5
Vinh,2024,6,26,29.5,83.0,0.0,3.4
Vinh,2024,6,27,28.5,88.0,0.0,4.7
Vinh,2024,6,28,30.4,81.0,0.0,11.0
Vinh,2024,6,29,32.4,67.0,0.0,11.0
Vinh,2024,6,30,31.9,62.0,0.0,6.8
Vinh,2024,7,1,31.8,62.0,0.0,9.6
Vinh,2024,7,2,33.0,59.0,0.0,6.4
Vinh,2024,7,3,31.5,73.0,0.0,5.8
Vinh,2024,7,4,29.3,81.0,0.0,9.9
Vinh,2024,7,5,28.9,83.0,0.0,9.7
Vinh,2024,7,6,30.2,78.0,0.0,11.6
Vinh,2024,7,7,30.5,77.0,0.0,10.5
Vinh,2024,7,8,31.0,74.0,0.0,9.1
Vinh,2024,7,9,31.5,72.0,0.0,10.8
Vinh,2024,7,10,33.3,63.0,0.0,10.7
Vinh,2024,7,11,33.0,65.0,0.0,11.7
Vinh,2024,7,12,32.7,68.0,0.0,10.7
Vinh,2024,7,13,32.3,71.0,0.0,10.3
Vinh,2024,7,14,31.1,82.0,0.0,7.3
Vinh,2024,7,15,29.4,88.0,0.0,4.5
Vinh,2024,7,16,28.3,88.0,0.0,3.9
Vinh,2024,7,17,28.6,85.0,0.0,4.2
Vinh,2024,7,18,27.8,89.0,0.0,4.0
Vinh,2024,7,19,28.5,88.0,0.0,5.6
Vinh,2024,7,20,29.7,82.0,0.0,6.7
Vinh,2024,7,21,30.0,84.0,0.0,9.1
Vinh,2024,7,22,29.3,78.0,0.0,0.6
Vinh,2024,7,23,29.7,81.0,0.0,0.4
Vinh,2024,7,24,30.6,68.0,0.0,5.1
Vinh,2024,7,25,29.5,76.0,0.0,0.2
Vinh,2024,7,26,32.0,65.0,0.0,10.0
Vinh,2024,7,27,33.0,64.0,0.0,10.5
Vinh,2024,7,28,30.9,75.0,0.0,3.8
Vinh,2024,7,29,29.1,84.0,0.0,0.0
Vinh,2024,7,30,28.6,83.0,0.0,0.2
Vinh,2024,7,31,29.8,70.0,0.0,1.9
Vinh,2024,8,1,29.6,70.0,0.0,1.1
Vinh,2024,8,2,29.8,64.0,0.0,0.0
Vinh,2024,8,3,28.5,72.0,0.0,2.8
Vinh,2024,8,4,30.4,70.0,0.0,10.6
Vinh,2024,8,5,31.2,72.0,0.0,11.3
Vinh,2024,8,6,31.8,71.0,0.0,11.1
Vinh,2024,8,7,31.3,72.0,0.0,10.8
Vinh,2024,8,8,32.1,72.0,0.0,11.3
Vinh,2024,8,9,33.3,66.0,0.0,11.2
Vinh,2024,8,10,33.9,60.0,0.0,9.3
Vinh,2024,8,11,31.7,72.0,0.0,5.4
Vinh,2024,8,12,31.6,72.0,0.0,6.2
Vinh,2024,8,13,31.4,70.0,0.0,10.0
Vinh,2024,8,14,31.3,75.0,0.0,5.2
Vinh,2024,8,15,30.4,82.0,0.0,1.7
Vinh,2024,8,16,29.0,87.0,0.0,2.8
Vinh,2024,8,17,30.1,78.0,0.0,4.5
Vinh,2024,8,18,31.8,66.0,0.0,9.5
Vinh,2024,8,19,32.0,69.0,0.0,7.7
Vinh,2024,8,20,32.1,63.0,0.0,8.2
Vinh,2024,8,21,32.5,65.0,0.0,10.3
Vinh,2024,8,22,32.4,69.0,0.0,11.3
Vinh,2024,8,23,31.4,72.0,0.0,1.3
Vinh,2024,8,24,30.9,79.0,0.0,7.4
Vinh,2024,8,25,29.4,78.0,0.0,1.6
Vinh,2024,8,26,29.9,79.0,0.0,10.5
Vinh,2024,8,27,31.0,74.0,0.0,9.6
Vinh,2024,8,28,32.1,68.0,0.0,11.3
Vinh,2024,8,29,32.8,67.0,0.0,11.3
Vinh,2024,8,30,31.0,77.0,0.0,5.9
Vinh,2024,8,31,29.2,84.0,0.0,7.7
Vinh,2024,9,1,28.9,88.0,0.0,6.5
Vinh,2024,9,2,29.5,85.0,0.0,5.8
Vinh,2024,9,3,30.3,79.0,0.0,6.9
Vinh,2024,9,4,30.3,78.0,0.0,10.2
Vinh,2024,9,5,31.2,74.0,0.0,9.8
Vinh,2024,9,6,27.1,83.0,0.0,0.0
Vinh,2024,9,7,27.8,80.0,0.0,0.0
Vinh,2024,9,8,30.4,74.0,0.0,8.5
Vinh,2024,9,9,29.9,81.0,0.0,1.9
Vinh,2024,9,10,28.2,88.0,0.0,0.7
Vinh,2024,9,11,27.1,91.0,0.0,1.1
Vinh,2024,9,12,27.1,88.0,0.0,0.4
Vinh,2024,9,13,27.9,83.0,0.0,6.1
Vinh,2024,9,14,28.2,84.0,0.0,3.3
Vinh,2024,9,15,28.9,80.0,0.0,9.4
Vinh,2024,9,16,28.9,82.0,0.0,9.9
Vinh,2024,9,17,26.9,91.0,0.0,0.0
Vinh,2024,9,18,28.0,86.0,0.0,3.1
Vinh,2024,9,19,26.1,92.0,0.0,0.0
Vinh,2024,9,20,27.4,93.0,0.0,0.0
Vinh,2024,9,21,27.6,92.0,0.0,0.7
Vinh,2024,9,22,26.8,92.0,0.0,0.0
Vinh,2024,9,23,24.0,95.0,0.0,0.0
Vinh,2024,9,24,24.1,88.0,0.0,0.0
Vinh,2024,9,25,26.9,80.0,0.0,3.5
Vinh,2024,9,26,27.8,80.0,0.0,9.8
Vinh,2024,9,27,29.1,81.0,0.0,9.7
Vinh,2024,9,28,29.4,80.0,0.0,10.4
Vinh,2024,9,29,30.4,75.0,0.0,10.0
Vinh,2024,9,30,29.8,78.0,0.0,9.8
Vinh,2024,10,1,28.4,84.0,0.0,5.4
Vinh,2024,10,2,25.2,68.0,0.0,0.3
Vinh,2024,10,3,25.4,63.0,0.0,7.9
Vinh,2024,10,4,25.1,69.0,0.0,10.3
Vinh,2024,10,5,25.1,69.0,0.0,10.3
Vinh,2024,10,6,26.1,67.0,0.0,5.4
Vinh,2024,10,7,26.3,76.0,0.0,0.0
Vinh,2024,10,8,26.4,80.0,0.0,2.5
Vinh,2024,10,9,25.8,81.0,0.0,2.6
Vinh,2024,10,10,25.6,80.0,0.0,4.7
Vinh,2024,10,11,26.3,79.0,0.0,6.8
Vinh,2024,10,12,26.7,82.0,0.0,2.6
Vinh,2024,10,13,27.1,80.0,0.0,6.8
Vinh,2024,10,14,27.6,80.0,0.0,6.8
Vinh,2024,10,15,27.1,86.0,0.0,2.6
Vinh,2024,10,16,25.2,90.0,0.0,1.2
Vinh,2024,10,17,26.4,86.0,0.0,5.9
Vinh,2024,10,18,27.2,84.0,0.0,6.5
Vinh,2024,10,19,27.4,87.0,0.0,4.5
Vinh,2024,10,20,27.4,85.0,0.0,3.5
Vinh,2024,10,21,25.2,92.0,0.0,0.0
Vinh,2024,10,22,26.5,88.0,0.0,2.9
Vinh,2024,10,23,25.2,88.0,0.0,0.0
Vinh,2024,10,24,24.7,70.0,0.0,7.5
Vinh,2024,10,25,23.4,67.0,0.0,9.4
Vinh,2024,10,26,24.7,68.0,0.0,9.0
Vinh,2024,10,27,22.5,74.0,0.0,0.0
Vinh,2024,10,28,20.9,86.0,0.0,0.0
Vinh,2024,10,29,21.0,90.0,0.0,0.0
Vinh,2024,10,30,23.0,87.0,0.0,0.0
Vinh,2024,10,31,24.9,84.0,0.0,9.0
Vinh,2024,11,1,25.6,81.0,0.0,7.6
Vinh,2024,11,2,24.6,78.0,0.0,3.0
Vinh,2024,11,3,24.4,73.0,1.4,1.5
Vinh,2024,11,4,21.3,96.0,43.5,0.0
Vinh,2024,11,5,21.2,95.0,39.7,0.0
Vinh,2024,11,6,21.5,88.0,3.1,0.0
Vinh,2024,11,7,22.2,90.0,4.0,0.9
Vinh,2024,11,8,22.8,82.0,0.0,4.2
Vinh,2024,11,9,22.7,80.0,0.0,9.1
Vinh,2024,11,10,23.5,76.0,0.0,9.2
Vinh,2024,11,11,24.4,80.0,0.0,1.1
Vinh,2024,11,12,25.3,80.0,0.0,3.4
Vinh,2024,11,13,25.1,84.0,0.0,5.3
Vinh,2024,11,14,25.4,88.0,0.0,9.0
Vinh,2024,11,15,25.8,89.0,0.0,5.3
Vinh,2024,11,16,26.5,88.0,0.0,3.3
Vinh,2024,11,17,26.0,88.0,0.0,7.2
Vinh,2024,11,18,25.1,87.0,0.4,5.3
Vinh,2024,11,19,24.9,85.0,2.0,0.0
Vinh,2024,11,20,23.9,86.0,0.4,3.9
Vinh,2024,11,21,22.2,89.0,1.9,0.0
Vinh,2024,11,22,20.2,96.0,10.5,0.0
Vinh,2024,11,23,19.9,96.0,7.6,0.0
Vinh,2024,11,24,20.9,94.0,0.5,0.0
Vinh,2024,11,25,22.6,95.0,9.0,0.0
Vinh,2024,11,26,22.1,94.0,13.1,0.0
Vinh,2024,11,27,18.5,91.0,12.3,0.0
Vinh,2024,11,28,18.1,75.0,0.0,0.0
Vinh,2024,11,29,18.9,72.0,0.0,3.8
Vinh,2024,11,30,18.5,79.0,0.0,1.0
Vinh,2024,12,1,20.4,82.0,0.0,8.7
Vinh,2024,12,2,22.0,87.0,0.0,4.6
Vinh,2024,12,3,22.3,89.0,0.0,3.2
Vinh,2024,12,4,23.2,85.0,0.0,6.5
Vinh,2024,12,5,23.0,84.0,0.0,6.7
Vinh,2024,12,6,23.5,84.0,0.5,1.5
Vinh,2024,12,7,23.2,90.0,13.3,0.0
Vinh,2024,12,8,17.7,94.0,13.0,0.0
Vinh,2024,12,9,18.2,83.0,0.0,0.0
Vinh,2024,12,10,21.4,81.0,0.0,3.0
Vinh,2024,12,11,21.7,92.0,5.7,0.0
Vinh,2024,12,12,19.1,90.0,1.4,0.0
Vinh,2024,12,13,16.8,91.0,2.0,0.0
Vinh,2024,12,14,14.7,86.0,0.9,0.0
Vinh,2024,12,15,14.3,71.0,0.0,0.0
Vinh,2024,12,16,15.5,67.0,0.0,0.4
Vinh,2024,12,17,18.0,71.0,0.0,2.4
Vinh,2024,12,18,18.8,72.0,0.4,7.0
Vinh,2024,12,19,17.3,82.0,0.8,1.5
Vinh,2024,12,20,17.9,80.0,0.0,1.1
Vinh,2024,12,21,18.1,82.0,0.1,0.5
Vinh,2024,12,22,17.4,77.0,0.0,3.8
Vinh,2024,12,23,16.1,83.0,0.0,0.0
Vinh,2024,12,24,17.9,76.0,0.0,0.0
Vinh,2024,12,25,19.3,74.0,0.0,0.0
Vinh,2024,12,26,19.3,80.0,0.3,0.0
Vinh,2024,12,27,17.9,89.0,3.3,0.0
Vinh,2024,12,28,15.6,85.0,1.7,0.0
Vinh,2024,12,29,17.4,76.0,0.0,0.7
Vinh,2024,12,30,17.1,81.0,0.0,0.0
Vinh,2024,12,31,18.9,80.0,0.3,0.0
Vinh,2025,1,1,17.4,83.0,0.0,4.4
Vinh,2025,1,2,18.1,81.0,0.0,7.2
Vinh,2025,1,3,19.7,75.0,0.0,8.6
Vinh,2025,1,4,17.9,79.0,0.0,4.8
Vinh,2025,1,5,18.4,80.0,0.0,6.6
Vinh,2025,1,6,17.7,82.0,0.0,8.1
Vinh,2025,1,7,18.1,86.0,0.0,5.2
Vinh,2025,1,8,19.2,86.0,0.0,2.3
Vinh,2025,1,9,19.1,83.0,0.3,0.0
Vinh,2025,1,10,17.5,72.0,0.3,0.0
Vinh,2025,1,11,15.6,69.0,0.0,0.0
Vinh,2025,1,12,14.2,66.0,0.0,7.6
Vinh,2025,1,13,14.7,74.0,0.0,7.9
Vinh,2025,1,14,17.9,76.0,0.0,0.0
Vinh,2025,1,15,17.0,87.0,7.2,0.0
Vinh,2025,1,16,17.4,77.0,0.0,0.2
Vinh,2025,1,17,16.1,82.0,0.0,7.6
Vinh,2025,1,18,16.8,85.0,0.0,3.2
Vinh,2025,1,19,18.9,79.0,0.0,4.7
Vinh,2025,1,20,17.1,85.0,0.0,2.3
Vinh,2025,1,21,17.7,85.0,0.0,6.6
Vinh,2025,1,22,18.6,86.0,0.0,3.7
Vinh,2025,1,23,20.4,83.0,0.0,6.4
Vinh,2025,1,24,20.3,87.0,0.0,5.5
Vinh,2025,1,25,21.6,85.0,0.0,0.0
Vinh,2025,1,26,17.5,89.0,7.2,0.0
Vinh,2025,1,27,14.3,59.0,0.0,0.0
Vinh,2025,1,28,13.6,73.0,0.0,0.0
Vinh,2025,1,29,15.7,68.0,0.0,0.0
Vinh,2025,1,30,16.8,80.0,0.0,8.2
Vinh,2025,1,31,19.4,85.0,0.0,7.6
Vinh,2025,2,1,20.2,89.0,0.0,0.1
Vinh,2025,2,2,21.1,90.0,0.0,0.6
Vinh,2025,2,3,18.1,94.0,3.0,0.0
Vinh,2025,2,4,14.5,83.0,3.0,0.0
Vinh,2025,2,5,16.3,78.0,0.0,0.0
Vinh,2025,2,6,18.2,89.0,1.3,0.0
Vinh,2025,2,7,16.6,95.0,14.8,0.0
Vinh,2025,2,8,13.4,95.0,13.3,0.0
Vinh,2025,2,9,12.7,93.0,2.8,0.0
Vinh,2025,2,10,15.9,80.0,0.0,2.4
Vinh,2025,2,11,18.0,85.0,0.0,6.3
Vinh,2025,2,12,20.1,88.0,0.0,2.4
Vinh,2025,2,13,19.6,89.0,0.0,0.0
Vinh,2025,2,14,19.7,85.0,0.0,0.8
Vinh,2025,2,15,20.8,88.0,0.0,0.0
Vinh,2025,2,16,20.8,94.0,1.5,0.0
Vinh,2025,2,17,18.5,96.0,4.8,0.0
Vinh,2025,2,18,18.2,96.0,3.6,0.0
Vinh,2025,2,19,18.1,93.0,0.9,0.0
Vinh,2025,2,20,19.1,92.0,0.0,0.0
Vinh,2025,2,21,19.3,95.0,2.9,0.0
Vinh,2025,2,22,18.7,95.0,2.4,0.0
Vinh,2025,2,23,17.9,95.0,11.7,0.0
Vinh,2025,2,24,15.4,94.0,4.4,0.0
Vinh,2025,2,25,15.5,92.0,7.9,0.0
Vinh,2025,2,26,16.5,92.0,2.5,0.0
Vinh,2025,2,27,18.2,88.0,0.0,3.4
Vinh,2025,2,28,20.2,90.0,0.0,0.0
